program_name,test_file,usable,llm_test_file,builds,passes,coverage_before,coverage_after,coverage_delta,kept,discard_reason,prompt_mode
ansible_1,test_errors.py,True,test_errors_LLAMA_TESTONLY.py,False,,52.0,,,,1.0,TESTONLY
ansible_2,test_errors.py,True,test_errors_LLAMA_TESTONLY.py,False,,52.0,,,,1.0,TESTONLY
ansible_3,test_errors.py,True,test_errors_LLAMA_TESTONLY.py,False,,52.0,,,,1.0,TESTONLY
ansible_4,test_errors.py,True,test_errors_LLAMA_TESTONLY.py,False,,52.0,,,,1.0,TESTONLY
ansible_5,test_errors.py,True,test_errors_LLAMA_TESTONLY.py,False,,52.0,,,,1.0,TESTONLY
ansible_6,test_errors.py,True,test_errors_LLAMA_TESTONLY.py,False,,52.0,,,,1.0,TESTONLY
ansible_7,test_errors.py,True,test_errors_LLAMA_TESTONLY.py,False,,52.0,,,,1.0,TESTONLY
ansible_8,test_errors.py,True,test_errors_LLAMA_TESTONLY.py,False,,52.0,,,,1.0,TESTONLY
ansible_9,test_errors.py,True,test_errors_LLAMA_TESTONLY.py,False,,52.0,,,,1.0,TESTONLY
ansible_10,test_errors.py,True,test_errors_LLAMA_TESTONLY.py,False,,52.0,,,,1.0,TESTONLY
ansible_11,test_errors.py,True,test_errors_LLAMA_TESTONLY.py,False,,52.0,,,,1.0,TESTONLY
ansible_12,test_errors.py,True,test_errors_LLAMA_TESTONLY.py,False,,52.0,,,,1.0,TESTONLY
ansible_13,test_errors.py,True,test_errors_LLAMA_TESTONLY.py,False,,52.0,,,,1.0,TESTONLY
ansible_14,test_errors.py,True,test_errors_LLAMA_TESTONLY.py,False,,52.0,,,,1.0,TESTONLY
ansible_15,test_errors.py,True,test_errors_LLAMA_TESTONLY.py,False,,52.0,,,,1.0,TESTONLY
ansible_16,test_errors.py,True,test_errors_LLAMA_TESTONLY.py,False,,52.0,,,,1.0,TESTONLY
ansible_17,test_errors.py,True,test_errors_LLAMA_TESTONLY.py,False,,52.0,,,,1.0,TESTONLY
ansible_18,test_errors.py,True,test_errors_LLAMA_TESTONLY.py,False,,52.0,,,,1.0,TESTONLY
black_1,test_black.py,True,test_black_LLAMA_TESTONLY.py,False,,80.0,,,,1.0,TESTONLY
black_2,test_black.py,True,test_black_LLAMA_TESTONLY.py,False,,80.0,,,,1.0,TESTONLY
black_3,test_black.py,True,test_black_LLAMA_TESTONLY.py,False,,80.0,,,,1.0,TESTONLY
black_4,test_black.py,True,test_black_LLAMA_TESTONLY.py,False,,80.0,,,,1.0,TESTONLY
black_5,test_black.py,True,test_black_LLAMA_TESTONLY.py,False,,79.0,,,,1.0,TESTONLY
black_6,test_black.py,True,test_black_LLAMA_TESTONLY.py,False,,79.0,,,,1.0,TESTONLY
black_7,test_black.py,True,test_black_LLAMA_TESTONLY.py,False,,79.0,,,,1.0,TESTONLY
black_8,test_black.py,True,test_black_LLAMA_TESTONLY.py,False,,79.0,,,,1.0,TESTONLY
black_9,test_black.py,True,test_black_LLAMA_TESTONLY.py,False,,79.0,,,,1.0,TESTONLY
black_10,test_black.py,True,test_black_LLAMA_TESTONLY.py,False,,69.0,,,,1.0,TESTONLY
black_11,test_black.py,True,test_black_LLAMA_TESTONLY.py,False,,69.0,,,,1.0,TESTONLY
black_12,test_black.py,True,test_black_LLAMA_TESTONLY.py,True,,71.0,,,,,TESTONLY
black_13,test_black.py,True,test_black_LLAMA_TESTONLY.py,False,,71.0,,,,1.0,TESTONLY
black_14,test_black.py,True,test_black_LLAMA_TESTONLY.py,False,,71.0,,,,1.0,TESTONLY
black_15,test_black.py,True,test_black_LLAMA_TESTONLY.py,False,,72.0,,,,1.0,TESTONLY
black_16,test_black.py,True,test_black_LLAMA_TESTONLY.py,False,,72.0,,,,1.0,TESTONLY
black_17,test_black.py,True,test_black_LLAMA_TESTONLY.py,False,,66.0,,,,1.0,TESTONLY
black_18,test_black.py,True,test_black_LLAMA_TESTONLY.py,False,,66.0,,,,1.0,TESTONLY
black_19,test_black.py,True,test_black_LLAMA_TESTONLY.py,False,,33.0,,,,1.0,TESTONLY
black_20,test_black.py,True,test_black_LLAMA_TESTONLY.py,False,,33.0,,,,1.0,TESTONLY
black_21,test_black.py,True,test_black_LLAMA_TESTONLY.py,False,,32.0,,,,1.0,TESTONLY
black_22,test_black.py,True,test_black_LLAMA_TESTONLY.py,True,,31.0,,,,,TESTONLY
black_23,test_black.py,True,test_black_LLAMA_TESTONLY.py,False,,29.0,,,,1.0,TESTONLY
calculator_1,test_calc.py,True,test_calc_LLAMA_TESTONLY.py,,,100.0,,,,,TESTONLY
cookiecutter_1,test_generate_file.py,True,test_generate_file_LLAMA_TESTONLY.py,,,44.0,,,,,TESTONLY
cookiecutter_2,test_generate_file.py,True,test_generate_file_LLAMA_TESTONLY.py,,,45.0,,,,,TESTONLY
cookiecutter_3,test_generate_file.py,True,test_generate_file_LLAMA_TESTONLY.py,,,41.0,,,,,TESTONLY
cookiecutter_4,test_generate_file.py,True,test_generate_file_LLAMA_TESTONLY.py,,,42.0,,,,,TESTONLY
expression_1,test_expression.py,True,test_expression_LLAMA_TESTONLY.py,,,88.0,,,,,TESTONLY
fastapi_1,test_jsonable_encoder.py,True,test_jsonable_encoder_LLAMA_TESTONLY.py,,,44.0,,,,,TESTONLY
fastapi_2,test_jsonable_encoder.py,True,test_jsonable_encoder_LLAMA_TESTONLY.py,,,44.0,,,,,TESTONLY
fastapi_3,test_jsonable_encoder.py,True,test_jsonable_encoder_LLAMA_TESTONLY.py,,,44.0,,,,,TESTONLY
fastapi_4,test_jsonable_encoder.py,True,test_jsonable_encoder_LLAMA_TESTONLY.py,,,43.0,,,,,TESTONLY
fastapi_5,test_jsonable_encoder.py,True,test_jsonable_encoder_LLAMA_TESTONLY.py,,,43.0,,,,,TESTONLY
fastapi_6,test_jsonable_encoder.py,True,test_jsonable_encoder_LLAMA_TESTONLY.py,,,43.0,,,,,TESTONLY
fastapi_7,test_jsonable_encoder.py,True,test_jsonable_encoder_LLAMA_TESTONLY.py,,,43.0,,,,,TESTONLY
fastapi_8,test_jsonable_encoder.py,True,test_jsonable_encoder_LLAMA_TESTONLY.py,,,44.0,,,,,TESTONLY
fastapi_9,test_jsonable_encoder.py,True,test_jsonable_encoder_LLAMA_TESTONLY.py,,,44.0,,,,,TESTONLY
fastapi_10,test_jsonable_encoder.py,True,test_jsonable_encoder_LLAMA_TESTONLY.py,,,44.0,,,,,TESTONLY
fastapi_11,test_jsonable_encoder.py,True,test_jsonable_encoder_LLAMA_TESTONLY.py,,,44.0,,,,,TESTONLY
fastapi_12,test_jsonable_encoder.py,True,test_jsonable_encoder_LLAMA_TESTONLY.py,,,47.0,,,,,TESTONLY
fastapi_13,test_jsonable_encoder.py,True,test_jsonable_encoder_LLAMA_TESTONLY.py,,,48.0,,,,,TESTONLY
fastapi_14,test_jsonable_encoder.py,True,test_jsonable_encoder_LLAMA_TESTONLY.py,,,50.0,,,,,TESTONLY
fastapi_15,test_jsonable_encoder.py,True,test_jsonable_encoder_LLAMA_TESTONLY.py,,,50.0,,,,,TESTONLY
fastapi_16,test_jsonable_encoder.py,True,test_jsonable_encoder_LLAMA_TESTONLY.py,,,50.0,,,,,TESTONLY
httpie_1,test_exit_status.py,True,test_exit_status_LLAMA_TESTONLY.py,,,57.0,,,,,TESTONLY
httpie_2,test_exit_status.py,True,test_exit_status_LLAMA_TESTONLY.py,,,57.0,,,,,TESTONLY
httpie_3,test_exit_status.py,True,test_exit_status_LLAMA_TESTONLY.py,,,57.0,,,,,TESTONLY
httpie_4,test_exit_status.py,True,test_exit_status_LLAMA_TESTONLY.py,,,56.0,,,,,TESTONLY
httpie_5,test_exit_status.py,True,test_exit_status_LLAMA_TESTONLY.py,,,56.0,,,,,TESTONLY
keras_1,test_loss_masking.py,True,test_loss_masking_LLAMA_TESTONLY.py,,,7.0,,,,,TESTONLY
keras_2,test_loss_masking.py,True,test_loss_masking_LLAMA_TESTONLY.py,,,7.0,,,,,TESTONLY
keras_3,test_loss_masking.py,True,test_loss_masking_LLAMA_TESTONLY.py,,,7.0,,,,,TESTONLY
keras_4,test_loss_masking.py,True,test_loss_masking_LLAMA_TESTONLY.py,,,7.0,,,,,TESTONLY
keras_5,test_loss_masking.py,True,test_loss_masking_LLAMA_TESTONLY.py,,,7.0,,,,,TESTONLY
keras_6,test_loss_masking.py,True,test_loss_masking_LLAMA_TESTONLY.py,,,7.0,,,,,TESTONLY
keras_7,test_loss_masking.py,True,test_loss_masking_LLAMA_TESTONLY.py,,,7.0,,,,,TESTONLY
keras_8,test_loss_masking.py,True,test_loss_masking_LLAMA_TESTONLY.py,,,7.0,,,,,TESTONLY
keras_9,test_loss_masking.py,True,test_loss_masking_LLAMA_TESTONLY.py,,,7.0,,,,,TESTONLY
keras_10,test_loss_masking.py,True,test_loss_masking_LLAMA_TESTONLY.py,,,7.0,,,,,TESTONLY
keras_11,test_loss_masking.py,True,test_loss_masking_LLAMA_TESTONLY.py,,,7.0,,,,,TESTONLY
keras_12,test_loss_masking.py,True,test_loss_masking_LLAMA_TESTONLY.py,,,7.0,,,,,TESTONLY
keras_13,test_loss_masking.py,True,test_loss_masking_LLAMA_TESTONLY.py,,,7.0,,,,,TESTONLY
keras_14,test_loss_masking.py,True,test_loss_masking_LLAMA_TESTONLY.py,,,7.0,,,,,TESTONLY
keras_15,test_loss_masking.py,True,test_loss_masking_LLAMA_TESTONLY.py,,,7.0,,,,,TESTONLY
keras_16,test_loss_masking.py,True,test_loss_masking_LLAMA_TESTONLY.py,,,7.0,,,,,TESTONLY
keras_17,test_loss_masking.py,True,test_loss_masking_LLAMA_TESTONLY.py,,,7.0,,,,,TESTONLY
keras_18,test_loss_masking.py,True,test_loss_masking_LLAMA_TESTONLY.py,,,7.0,,,,,TESTONLY
keras_19,test_loss_masking.py,True,test_loss_masking_LLAMA_TESTONLY.py,,,7.0,,,,,TESTONLY
keras_20,test_loss_masking.py,True,test_loss_masking_LLAMA_TESTONLY.py,,,7.0,,,,,TESTONLY
keras_21,test_loss_masking.py,True,test_loss_masking_LLAMA_TESTONLY.py,,,7.0,,,,,TESTONLY
keras_22,test_loss_masking.py,True,test_loss_masking_LLAMA_TESTONLY.py,,,7.0,,,,,TESTONLY
keras_23,test_loss_masking.py,True,test_loss_masking_LLAMA_TESTONLY.py,,,7.0,,,,,TESTONLY
keras_24,test_loss_masking.py,True,test_loss_masking_LLAMA_TESTONLY.py,,,7.0,,,,,TESTONLY
keras_25,test_loss_masking.py,True,test_loss_masking_LLAMA_TESTONLY.py,,,7.0,,,,,TESTONLY
keras_26,test_loss_masking.py,True,test_loss_masking_LLAMA_TESTONLY.py,,,7.0,,,,,TESTONLY
keras_27,test_loss_masking.py,True,test_loss_masking_LLAMA_TESTONLY.py,,,7.0,,,,,TESTONLY
keras_28,test_loss_masking.py,True,test_loss_masking_LLAMA_TESTONLY.py,,,7.0,,,,,TESTONLY
keras_29,test_loss_masking.py,True,test_loss_masking_LLAMA_TESTONLY.py,,,7.0,,,,,TESTONLY
keras_30,test_loss_masking.py,True,test_loss_masking_LLAMA_TESTONLY.py,,,7.0,,,,,TESTONLY
keras_31,test_loss_masking.py,True,test_loss_masking_LLAMA_TESTONLY.py,,,7.0,,,,,TESTONLY
keras_32,test_loss_masking.py,True,test_loss_masking_LLAMA_TESTONLY.py,,,7.0,,,,,TESTONLY
keras_33,test_loss_masking.py,True,test_loss_masking_LLAMA_TESTONLY.py,,,7.0,,,,,TESTONLY
keras_34,test_loss_masking.py,True,test_loss_masking_LLAMA_TESTONLY.py,,,7.0,,,,,TESTONLY
keras_35,test_loss_masking.py,True,test_loss_masking_LLAMA_TESTONLY.py,,,7.0,,,,,TESTONLY
keras_36,test_loss_masking.py,True,test_loss_masking_LLAMA_TESTONLY.py,,,7.0,,,,,TESTONLY
keras_37,test_loss_masking.py,True,test_loss_masking_LLAMA_TESTONLY.py,,,7.0,,,,,TESTONLY
keras_38,test_loss_masking.py,True,test_loss_masking_LLAMA_TESTONLY.py,,,7.0,,,,,TESTONLY
keras_39,test_loss_masking.py,True,test_loss_masking_LLAMA_TESTONLY.py,,,7.0,,,,,TESTONLY
keras_40,test_loss_masking.py,True,test_loss_masking_LLAMA_TESTONLY.py,,,7.0,,,,,TESTONLY
keras_41,test_loss_masking.py,True,test_loss_masking_LLAMA_TESTONLY.py,,,7.0,,,,,TESTONLY
keras_42,test_loss_masking.py,True,test_loss_masking_LLAMA_TESTONLY.py,,,7.0,,,,,TESTONLY
keras_43,test_loss_masking.py,True,test_loss_masking_LLAMA_TESTONLY.py,,,7.0,,,,,TESTONLY
keras_44,test_loss_masking.py,True,test_loss_masking_LLAMA_TESTONLY.py,,,7.0,,,,,TESTONLY
keras_45,test_loss_masking.py,True,test_loss_masking_LLAMA_TESTONLY.py,,,7.0,,,,,TESTONLY
luigi_1,factorial_test.py,True,factorial_test_LLAMA_TESTONLY.py,,,51.0,,,,,TESTONLY
luigi_2,factorial_test.py,True,factorial_test_LLAMA_TESTONLY.py,,,51.0,,,,,TESTONLY
luigi_3,factorial_test.py,True,factorial_test_LLAMA_TESTONLY.py,,,51.0,,,,,TESTONLY
luigi_4,factorial_test.py,True,factorial_test_LLAMA_TESTONLY.py,,,51.0,,,,,TESTONLY
luigi_5,factorial_test.py,True,factorial_test_LLAMA_TESTONLY.py,,,51.0,,,,,TESTONLY
luigi_6,factorial_test.py,True,factorial_test_LLAMA_TESTONLY.py,,,51.0,,,,,TESTONLY
luigi_7,factorial_test.py,True,factorial_test_LLAMA_TESTONLY.py,,,51.0,,,,,TESTONLY
luigi_8,factorial_test.py,True,factorial_test_LLAMA_TESTONLY.py,,,51.0,,,,,TESTONLY
luigi_9,factorial_test.py,True,factorial_test_LLAMA_TESTONLY.py,,,51.0,,,,,TESTONLY
luigi_10,factorial_test.py,True,factorial_test_LLAMA_TESTONLY.py,,,51.0,,,,,TESTONLY
luigi_11,factorial_test.py,True,factorial_test_LLAMA_TESTONLY.py,,,51.0,,,,,TESTONLY
luigi_12,factorial_test.py,True,factorial_test_LLAMA_TESTONLY.py,,,51.0,,,,,TESTONLY
luigi_13,factorial_test.py,True,factorial_test_LLAMA_TESTONLY.py,,,51.0,,,,,TESTONLY
luigi_14,factorial_test.py,True,factorial_test_LLAMA_TESTONLY.py,,,51.0,,,,,TESTONLY
luigi_15,factorial_test.py,True,factorial_test_LLAMA_TESTONLY.py,,,51.0,,,,,TESTONLY
luigi_16,factorial_test.py,True,factorial_test_LLAMA_TESTONLY.py,,,51.0,,,,,TESTONLY
luigi_17,factorial_test.py,True,factorial_test_LLAMA_TESTONLY.py,,,51.0,,,,,TESTONLY
luigi_18,factorial_test.py,True,factorial_test_LLAMA_TESTONLY.py,,,51.0,,,,,TESTONLY
luigi_19,factorial_test.py,True,factorial_test_LLAMA_TESTONLY.py,,,51.0,,,,,TESTONLY
luigi_20,factorial_test.py,True,factorial_test_LLAMA_TESTONLY.py,,,51.0,,,,,TESTONLY
luigi_21,factorial_test.py,True,factorial_test_LLAMA_TESTONLY.py,,,51.0,,,,,TESTONLY
luigi_22,factorial_test.py,True,factorial_test_LLAMA_TESTONLY.py,,,51.0,,,,,TESTONLY
luigi_23,factorial_test.py,True,factorial_test_LLAMA_TESTONLY.py,,,51.0,,,,,TESTONLY
luigi_24,factorial_test.py,True,factorial_test_LLAMA_TESTONLY.py,,,51.0,,,,,TESTONLY
luigi_25,factorial_test.py,True,factorial_test_LLAMA_TESTONLY.py,,,51.0,,,,,TESTONLY
luigi_26,factorial_test.py,True,factorial_test_LLAMA_TESTONLY.py,,,51.0,,,,,TESTONLY
luigi_27,factorial_test.py,True,factorial_test_LLAMA_TESTONLY.py,,,51.0,,,,,TESTONLY
luigi_28,factorial_test.py,True,factorial_test_LLAMA_TESTONLY.py,,,51.0,,,,,TESTONLY
luigi_29,factorial_test.py,True,factorial_test_LLAMA_TESTONLY.py,,,51.0,,,,,TESTONLY
luigi_30,factorial_test.py,True,factorial_test_LLAMA_TESTONLY.py,,,51.0,,,,,TESTONLY
luigi_31,factorial_test.py,True,factorial_test_LLAMA_TESTONLY.py,,,51.0,,,,,TESTONLY
luigi_32,factorial_test.py,True,factorial_test_LLAMA_TESTONLY.py,,,51.0,,,,,TESTONLY
luigi_33,factorial_test.py,True,factorial_test_LLAMA_TESTONLY.py,,,51.0,,,,,TESTONLY
markup_1,test_markup.py,True,test_markup_LLAMA_TESTONLY.py,,,100.0,,,,,TESTONLY
markup_2,test_markup.py,True,test_markup_LLAMA_TESTONLY.py,,,100.0,,,,,TESTONLY
matplotlib_1,test_container.py,True,test_container_LLAMA_TESTONLY.py,,,15.0,,,,,TESTONLY
matplotlib_2,test_container.py,True,test_container_LLAMA_TESTONLY.py,,,15.0,,,,,TESTONLY
matplotlib_3,test_container.py,True,test_container_LLAMA_TESTONLY.py,,,15.0,,,,,TESTONLY
matplotlib_4,test_container.py,True,test_container_LLAMA_TESTONLY.py,,,15.0,,,,,TESTONLY
matplotlib_5,test_container.py,True,test_container_LLAMA_TESTONLY.py,,,15.0,,,,,TESTONLY
matplotlib_6,test_container.py,True,test_container_LLAMA_TESTONLY.py,,,15.0,,,,,TESTONLY
matplotlib_7,test_container.py,True,test_container_LLAMA_TESTONLY.py,,,15.0,,,,,TESTONLY
matplotlib_8,test_container.py,True,test_container_LLAMA_TESTONLY.py,,,15.0,,,,,TESTONLY
matplotlib_9,test_container.py,True,test_container_LLAMA_TESTONLY.py,,,15.0,,,,,TESTONLY
matplotlib_10,test_container.py,True,test_container_LLAMA_TESTONLY.py,,,15.0,,,,,TESTONLY
matplotlib_11,test_container.py,True,test_container_LLAMA_TESTONLY.py,,,15.0,,,,,TESTONLY
matplotlib_12,test_container.py,True,test_container_LLAMA_TESTONLY.py,,,15.0,,,,,TESTONLY
matplotlib_13,test_container.py,True,test_container_LLAMA_TESTONLY.py,,,15.0,,,,,TESTONLY
matplotlib_14,test_container.py,True,test_container_LLAMA_TESTONLY.py,,,15.0,,,,,TESTONLY
matplotlib_15,test_container.py,True,test_container_LLAMA_TESTONLY.py,,,15.0,,,,,TESTONLY
matplotlib_16,test_container.py,True,test_container_LLAMA_TESTONLY.py,,,15.0,,,,,TESTONLY
matplotlib_17,test_container.py,True,test_container_LLAMA_TESTONLY.py,,,15.0,,,,,TESTONLY
matplotlib_18,test_container.py,True,test_container_LLAMA_TESTONLY.py,,,15.0,,,,,TESTONLY
matplotlib_19,test_container.py,True,test_container_LLAMA_TESTONLY.py,,,15.0,,,,,TESTONLY
matplotlib_20,test_container.py,True,test_container_LLAMA_TESTONLY.py,,,15.0,,,,,TESTONLY
matplotlib_21,test_container.py,True,test_container_LLAMA_TESTONLY.py,,,15.0,,,,,TESTONLY
matplotlib_22,test_container.py,True,test_container_LLAMA_TESTONLY.py,,,15.0,,,,,TESTONLY
matplotlib_23,test_container.py,True,test_container_LLAMA_TESTONLY.py,,,15.0,,,,,TESTONLY
matplotlib_24,test_container.py,True,test_container_LLAMA_TESTONLY.py,,,15.0,,,,,TESTONLY
matplotlib_25,test_container.py,True,test_container_LLAMA_TESTONLY.py,,,15.0,,,,,TESTONLY
matplotlib_26,test_container.py,True,test_container_LLAMA_TESTONLY.py,,,15.0,,,,,TESTONLY
matplotlib_27,test_container.py,True,test_container_LLAMA_TESTONLY.py,,,15.0,,,,,TESTONLY
matplotlib_28,test_container.py,True,test_container_LLAMA_TESTONLY.py,,,15.0,,,,,TESTONLY
matplotlib_29,test_container.py,True,test_container_LLAMA_TESTONLY.py,,,15.0,,,,,TESTONLY
matplotlib_30,test_container.py,True,test_container_LLAMA_TESTONLY.py,,,15.0,,,,,TESTONLY
middle_1,test_middle.py,True,test_middle_LLAMA_TESTONLY.py,,,96.0,,,,,TESTONLY
middle_2,test_middle.py,True,test_middle_LLAMA_TESTONLY.py,,,96.0,,,,,TESTONLY
pandas_1,test_missing.py,False,,,,,,,,,
pandas_2,test_missing.py,False,,,,,,,,,
pandas_3,test_missing.py,False,,,,,,,,,
pandas_4,test_missing.py,False,,,,,,,,,
pandas_5,test_missing.py,False,,,,,,,,,
pandas_6,test_missing.py,False,,,,,,,,,
pandas_7,test_missing.py,False,,,,,,,,,
pandas_8,test_missing.py,False,,,,,,,,,
pandas_9,test_missing.py,False,,,,,,,,,
pandas_10,test_missing.py,False,,,,,,,,,
pandas_11,test_missing.py,False,,,,,,,,,
pandas_12,test_missing.py,False,,,,,,,,,
pandas_13,test_missing.py,False,,,,,,,,,
pandas_14,test_missing.py,False,,,,,,,,,
pandas_15,test_missing.py,False,,,,,,,,,
pandas_16,test_missing.py,False,,,,,,,,,
pandas_17,test_missing.py,False,,,,,,,,,
pandas_18,test_missing.py,False,,,,,,,,,
pandas_19,test_missing.py,False,,,,,,,,,
pandas_20,test_missing.py,False,,,,,,,,,
pandas_21,test_missing.py,False,,,,,,,,,
pandas_22,test_missing.py,False,,,,,,,,,
pandas_23,test_missing.py,False,,,,,,,,,
pandas_24,test_missing.py,False,,,,,,,,,
pandas_25,test_missing.py,False,,,,,,,,,
pandas_26,test_missing.py,False,,,,,,,,,
pandas_27,test_missing.py,False,,,,,,,,,
pandas_28,test_missing.py,False,,,,,,,,,
pandas_29,test_missing.py,False,,,,,,,,,
pandas_30,test_missing.py,False,,,,,,,,,
pandas_31,test_missing.py,False,,,,,,,,,
pandas_32,test_missing.py,False,,,,,,,,,
pandas_33,test_missing.py,False,,,,,,,,,
pandas_34,test_missing.py,False,,,,,,,,,
pandas_35,test_missing.py,False,,,,,,,,,
pandas_36,test_missing.py,False,,,,,,,,,
pandas_37,test_missing.py,False,,,,,,,,,
pandas_38,test_missing.py,False,,,,,,,,,
pandas_39,test_missing.py,False,,,,,,,,,
pandas_40,test_missing.py,False,,,,,,,,,
pandas_41,test_missing.py,False,,,,,,,,,
pandas_42,test_missing.py,False,,,,,,,,,
pandas_43,test_missing.py,False,,,,,,,,,
pandas_44,test_missing.py,False,,,,,,,,,
pandas_45,test_missing.py,False,,,,,,,,,
pandas_46,test_missing.py,False,,,,,,,,,
pandas_47,test_missing.py,False,,,,,,,,,
pandas_48,test_missing.py,False,,,,,,,,,
pandas_49,test_missing.py,False,,,,,,,,,
pandas_50,test_missing.py,False,,,,,,,,,
pandas_51,test_missing.py,False,,,,,,,,,
pandas_52,test_missing.py,False,,,,,,,,,
pandas_53,test_missing.py,False,,,,,,,,,
pandas_54,test_missing.py,False,,,,,,,,,
pandas_55,test_missing.py,False,,,,,,,,,
pandas_56,test_missing.py,False,,,,,,,,,
pandas_57,test_missing.py,False,,,,,,,,,
pandas_58,test_missing.py,False,,,,,,,,,
pandas_59,test_missing.py,False,,,,,,,,,
pandas_60,test_missing.py,False,,,,,,,,,
pandas_61,test_missing.py,False,,,,,,,,,
pandas_62,test_missing.py,False,,,,,,,,,
pandas_63,test_missing.py,False,,,,,,,,,
pandas_64,test_missing.py,False,,,,,,,,,
pandas_65,test_missing.py,False,,,,,,,,,
pandas_66,test_missing.py,False,,,,,,,,,
pandas_67,test_missing.py,False,,,,,,,,,
pandas_68,test_missing.py,False,,,,,,,,,
pandas_69,test_missing.py,False,,,,,,,,,
pandas_70,test_missing.py,False,,,,,,,,,
pandas_71,test_missing.py,False,,,,,,,,,
pandas_72,test_missing.py,False,,,,,,,,,
pandas_73,test_missing.py,False,,,,,,,,,
pandas_74,test_missing.py,False,,,,,,,,,
pandas_75,test_missing.py,False,,,,,,,,,
pandas_76,test_missing.py,False,,,,,,,,,
pandas_77,test_missing.py,False,,,,,,,,,
pandas_78,test_missing.py,False,,,,,,,,,
pandas_79,test_missing.py,False,,,,,,,,,
pandas_80,test_missing.py,False,,,,,,,,,
pandas_81,test_missing.py,False,,,,,,,,,
pandas_82,test_missing.py,False,,,,,,,,,
pandas_83,test_missing.py,False,,,,,,,,,
pandas_84,test_missing.py,False,,,,,,,,,
pandas_85,test_missing.py,False,,,,,,,,,
pandas_86,test_missing.py,False,,,,,,,,,
pandas_87,test_missing.py,False,,,,,,,,,
pandas_88,test_missing.py,False,,,,,,,,,
pandas_89,test_missing.py,False,,,,,,,,,
pandas_90,test_missing.py,False,,,,,,,,,
pandas_91,test_missing.py,False,,,,,,,,,
pandas_92,test_missing.py,False,,,,,,,,,
pandas_93,test_missing.py,False,,,,,,,,,
pandas_94,test_missing.py,False,,,,,,,,,
pandas_95,test_missing.py,False,,,,,,,,,
pandas_96,test_missing.py,False,,,,,,,,,
pandas_97,test_missing.py,False,,,,,,,,,
pandas_98,test_missing.py,False,,,,,,,,,
pandas_99,test_missing.py,False,,,,,,,,,
pandas_100,test_missing.py,False,,,,,,,,,
pandas_101,test_missing.py,False,,,,,,,,,
pandas_102,test_missing.py,False,,,,,,,,,
pandas_103,test_missing.py,False,,,,,,,,,
pandas_104,test_missing.py,False,,,,,,,,,
pandas_105,test_missing.py,False,,,,,,,,,
pandas_106,test_missing.py,False,,,,,,,,,
pandas_107,test_missing.py,False,,,,,,,,,
pandas_108,test_missing.py,False,,,,,,,,,
pandas_109,test_missing.py,False,,,,,,,,,
pandas_110,test_missing.py,False,,,,,,,,,
pandas_111,test_missing.py,False,,,,,,,,,
pandas_112,test_missing.py,False,,,,,,,,,
pandas_113,test_missing.py,False,,,,,,,,,
pandas_114,test_missing.py,False,,,,,,,,,
pandas_115,test_missing.py,False,,,,,,,,,
pandas_116,test_missing.py,False,,,,,,,,,
pandas_117,test_missing.py,False,,,,,,,,,
pandas_118,test_missing.py,False,,,,,,,,,
pandas_119,test_missing.py,False,,,,,,,,,
pandas_120,test_missing.py,False,,,,,,,,,
pandas_121,test_missing.py,False,,,,,,,,,
pandas_122,test_missing.py,False,,,,,,,,,
pandas_123,test_missing.py,False,,,,,,,,,
pandas_124,test_missing.py,False,,,,,,,,,
pandas_125,test_missing.py,False,,,,,,,,,
pandas_126,test_missing.py,False,,,,,,,,,
pandas_127,test_missing.py,False,,,,,,,,,
pandas_128,test_missing.py,False,,,,,,,,,
pandas_129,test_missing.py,False,,,,,,,,,
pandas_130,test_missing.py,False,,,,,,,,,
pandas_131,test_missing.py,False,,,,,,,,,
pandas_132,test_missing.py,False,,,,,,,,,
pandas_133,test_missing.py,False,,,,,,,,,
pandas_134,test_missing.py,False,,,,,,,,,
pandas_135,test_missing.py,False,,,,,,,,,
pandas_136,test_missing.py,False,,,,,,,,,
pandas_137,test_missing.py,False,,,,,,,,,
pandas_138,test_missing.py,False,,,,,,,,,
pandas_139,test_missing.py,False,,,,,,,,,
pandas_140,test_missing.py,False,,,,,,,,,
pandas_141,test_missing.py,False,,,,,,,,,
pandas_142,test_missing.py,False,,,,,,,,,
pandas_143,test_missing.py,False,,,,,,,,,
pandas_144,test_missing.py,False,,,,,,,,,
pandas_145,test_missing.py,False,,,,,,,,,
pandas_146,test_missing.py,False,,,,,,,,,
pandas_147,test_missing.py,False,,,,,,,,,
pandas_148,test_missing.py,False,,,,,,,,,
pandas_149,test_missing.py,False,,,,,,,,,
pandas_150,test_missing.py,False,,,,,,,,,
pandas_151,test_missing.py,False,,,,,,,,,
pandas_152,test_missing.py,False,,,,,,,,,
pandas_153,test_missing.py,False,,,,,,,,,
pandas_154,test_missing.py,False,,,,,,,,,
pandas_155,test_missing.py,False,,,,,,,,,
pandas_156,test_missing.py,False,,,,,,,,,
pandas_157,test_missing.py,False,,,,,,,,,
pandas_158,test_missing.py,False,,,,,,,,,
pandas_159,test_missing.py,False,,,,,,,,,
pandas_160,test_missing.py,False,,,,,,,,,
pandas_161,test_missing.py,False,,,,,,,,,
pandas_162,test_missing.py,False,,,,,,,,,
pandas_163,test_missing.py,False,,,,,,,,,
pandas_164,test_missing.py,False,,,,,,,,,
pandas_165,test_missing.py,False,,,,,,,,,
pandas_166,test_missing.py,False,,,,,,,,,
pandas_167,test_missing.py,False,,,,,,,,,
pandas_168,test_missing.py,False,,,,,,,,,
pandas_169,test_missing.py,False,,,,,,,,,
pysnooper_1,test_pysnooper.py,True,test_pysnooper_LLAMA_TESTONLY.py,,,58.0,,,,,TESTONLY
pysnooper_2,test_pysnooper.py,True,test_pysnooper_LLAMA_TESTONLY.py,,,46.0,,,,,TESTONLY
pysnooper_3,test_pysnooper.py,True,test_pysnooper_LLAMA_TESTONLY.py,,,58.0,,,,,TESTONLY
sanic_1,test_middleware.py,True,test_middleware_LLAMA_TESTONLY.py,,,26.0,,,,,TESTONLY
sanic_2,test_middleware.py,True,test_middleware_LLAMA_TESTONLY.py,,,25.0,,,,,TESTONLY
sanic_3,test_middleware.py,True,test_middleware_LLAMA_TESTONLY.py,,,25.0,,,,,TESTONLY
sanic_4,test_middleware.py,True,test_middleware_LLAMA_TESTONLY.py,,,25.0,,,,,TESTONLY
sanic_5,test_middleware.py,True,test_middleware_LLAMA_TESTONLY.py,,,25.0,,,,,TESTONLY
scrapy_1,test_command_fetch.py,True,test_command_fetch_LLAMA_TESTONLY.py,,,31.0,,,,,TESTONLY
scrapy_2,test_command_fetch.py,True,test_command_fetch_LLAMA_TESTONLY.py,,,32.0,,,,,TESTONLY
scrapy_3,test_command_fetch.py,True,test_command_fetch_LLAMA_TESTONLY.py,,,32.0,,,,,TESTONLY
scrapy_4,test_command_fetch.py,True,test_command_fetch_LLAMA_TESTONLY.py,,,32.0,,,,,TESTONLY
scrapy_5,test_command_fetch.py,True,test_command_fetch_LLAMA_TESTONLY.py,,,32.0,,,,,TESTONLY
scrapy_6,test_command_fetch.py,True,test_command_fetch_LLAMA_TESTONLY.py,,,32.0,,,,,TESTONLY
scrapy_7,test_command_fetch.py,True,test_command_fetch_LLAMA_TESTONLY.py,,,33.0,,,,,TESTONLY
scrapy_8,test_command_fetch.py,True,test_command_fetch_LLAMA_TESTONLY.py,,,33.0,,,,,TESTONLY
scrapy_9,test_command_fetch.py,True,test_command_fetch_LLAMA_TESTONLY.py,,,33.0,,,,,TESTONLY
scrapy_10,test_command_fetch.py,True,test_command_fetch_LLAMA_TESTONLY.py,,,32.0,,,,,TESTONLY
scrapy_11,test_command_fetch.py,True,test_command_fetch_LLAMA_TESTONLY.py,,,32.0,,,,,TESTONLY
scrapy_12,test_command_fetch.py,True,test_command_fetch_LLAMA_TESTONLY.py,,,32.0,,,,,TESTONLY
scrapy_13,test_command_fetch.py,True,test_command_fetch_LLAMA_TESTONLY.py,,,32.0,,,,,TESTONLY
scrapy_14,test_command_fetch.py,True,test_command_fetch_LLAMA_TESTONLY.py,,,32.0,,,,,TESTONLY
scrapy_15,test_command_fetch.py,True,test_command_fetch_LLAMA_TESTONLY.py,,,32.0,,,,,TESTONLY
scrapy_16,test_command_fetch.py,True,test_command_fetch_LLAMA_TESTONLY.py,,,32.0,,,,,TESTONLY
scrapy_17,test_command_fetch.py,True,test_command_fetch_LLAMA_TESTONLY.py,,,32.0,,,,,TESTONLY
scrapy_18,test_command_fetch.py,True,test_command_fetch_LLAMA_TESTONLY.py,,,32.0,,,,,TESTONLY
scrapy_19,test_command_fetch.py,True,test_command_fetch_LLAMA_TESTONLY.py,,,32.0,,,,,TESTONLY
scrapy_20,test_command_fetch.py,True,test_command_fetch_LLAMA_TESTONLY.py,,,32.0,,,,,TESTONLY
scrapy_21,test_command_fetch.py,True,test_command_fetch_LLAMA_TESTONLY.py,,,32.0,,,,,TESTONLY
scrapy_22,test_command_fetch.py,True,test_command_fetch_LLAMA_TESTONLY.py,,,32.0,,,,,TESTONLY
scrapy_23,test_command_fetch.py,True,test_command_fetch_LLAMA_TESTONLY.py,,,32.0,,,,,TESTONLY
scrapy_24,test_command_fetch.py,True,test_command_fetch_LLAMA_TESTONLY.py,,,31.0,,,,,TESTONLY
scrapy_25,test_command_fetch.py,True,test_command_fetch_LLAMA_TESTONLY.py,,,31.0,,,,,TESTONLY
scrapy_26,test_command_fetch.py,True,test_command_fetch_LLAMA_TESTONLY.py,,,31.0,,,,,TESTONLY
scrapy_27,test_command_fetch.py,True,test_command_fetch_LLAMA_TESTONLY.py,,,31.0,,,,,TESTONLY
scrapy_28,test_command_fetch.py,True,test_command_fetch_LLAMA_TESTONLY.py,,,31.0,,,,,TESTONLY
scrapy_29,test_command_fetch.py,True,test_command_fetch_LLAMA_TESTONLY.py,,,31.0,,,,,TESTONLY
scrapy_30,test_command_fetch.py,True,test_command_fetch_LLAMA_TESTONLY.py,,,31.0,,,,,TESTONLY
scrapy_31,test_command_fetch.py,True,test_command_fetch_LLAMA_TESTONLY.py,,,31.0,,,,,TESTONLY
scrapy_32,test_command_fetch.py,True,test_command_fetch_LLAMA_TESTONLY.py,,,31.0,,,,,TESTONLY
scrapy_33,test_command_fetch.py,True,test_command_fetch_LLAMA_TESTONLY.py,,,31.0,,,,,TESTONLY
scrapy_34,test_command_fetch.py,True,test_command_fetch_LLAMA_TESTONLY.py,,,31.0,,,,,TESTONLY
scrapy_35,test_command_fetch.py,True,test_command_fetch_LLAMA_TESTONLY.py,,,31.0,,,,,TESTONLY
scrapy_36,test_command_fetch.py,True,test_command_fetch_LLAMA_TESTONLY.py,,,31.0,,,,,TESTONLY
scrapy_37,test_command_fetch.py,True,test_command_fetch_LLAMA_TESTONLY.py,,,32.0,,,,,TESTONLY
scrapy_38,test_command_fetch.py,True,test_command_fetch_LLAMA_TESTONLY.py,,,32.0,,,,,TESTONLY
scrapy_39,test_command_fetch.py,True,test_command_fetch_LLAMA_TESTONLY.py,,,33.0,,,,,TESTONLY
scrapy_40,test_command_fetch.py,True,test_command_fetch_LLAMA_TESTONLY.py,,,32.0,,,,,TESTONLY
spacy_1,test_tokenizer.py,False,,,,,,,,,
spacy_2,test_tokenizer.py,False,,,,,,,,,
spacy_3,test_tokenizer.py,False,,,,,,,,,
spacy_4,test_tokenizer.py,False,,,,,,,,,
spacy_5,test_tokenizer.py,False,,,,,,,,,
spacy_6,test_tokenizer.py,False,,,,,,,,,
spacy_7,test_tokenizer.py,False,,,,,,,,,
spacy_8,test_tokenizer.py,False,,,,,,,,,
spacy_9,test_tokenizer.py,False,,,,,,,,,
spacy_10,test_tokenizer.py,False,,,,,,,,,
thefuck_1,test_logs.py,True,test_logs_LLAMA_TESTONLY.py,,,45.0,,,,,TESTONLY
thefuck_2,test_logs.py,True,test_logs_LLAMA_TESTONLY.py,,,45.0,,,,,TESTONLY
thefuck_3,test_logs.py,True,test_logs_LLAMA_TESTONLY.py,,,42.0,,,,,TESTONLY
thefuck_4,test_logs.py,True,test_logs_LLAMA_TESTONLY.py,,,42.0,,,,,TESTONLY
thefuck_5,test_logs.py,True,test_logs_LLAMA_TESTONLY.py,,,42.0,,,,,TESTONLY
thefuck_6,test_logs.py,True,test_logs_LLAMA_TESTONLY.py,,,42.0,,,,,TESTONLY
thefuck_7,test_logs.py,True,test_logs_LLAMA_TESTONLY.py,,,42.0,,,,,TESTONLY
thefuck_8,test_logs.py,True,test_logs_LLAMA_TESTONLY.py,,,41.0,,,,,TESTONLY
thefuck_9,test_logs.py,True,test_logs_LLAMA_TESTONLY.py,,,42.0,,,,,TESTONLY
thefuck_10,test_logs.py,True,test_logs_LLAMA_TESTONLY.py,,,42.0,,,,,TESTONLY
thefuck_11,test_logs.py,True,test_logs_LLAMA_TESTONLY.py,,,42.0,,,,,TESTONLY
thefuck_12,test_logs.py,True,test_logs_LLAMA_TESTONLY.py,,,41.0,,,,,TESTONLY
thefuck_13,test_logs.py,True,test_logs_LLAMA_TESTONLY.py,,,41.0,,,,,TESTONLY
thefuck_14,test_logs.py,True,test_logs_LLAMA_TESTONLY.py,,,42.0,,,,,TESTONLY
thefuck_15,test_logs.py,True,test_logs_LLAMA_TESTONLY.py,,,42.0,,,,,TESTONLY
thefuck_16,test_logs.py,True,test_logs_LLAMA_TESTONLY.py,,,42.0,,,,,TESTONLY
thefuck_17,test_logs.py,True,test_logs_LLAMA_TESTONLY.py,,,42.0,,,,,TESTONLY
thefuck_18,test_logs.py,True,test_logs_LLAMA_TESTONLY.py,,,41.0,,,,,TESTONLY
thefuck_19,test_logs.py,True,test_logs_LLAMA_TESTONLY.py,,,42.0,,,,,TESTONLY
thefuck_20,test_logs.py,True,test_logs_LLAMA_TESTONLY.py,,,42.0,,,,,TESTONLY
thefuck_21,test_logs.py,True,test_logs_LLAMA_TESTONLY.py,,,44.0,,,,,TESTONLY
thefuck_22,test_logs.py,True,test_logs_LLAMA_TESTONLY.py,,,46.0,,,,,TESTONLY
thefuck_23,test_logs.py,True,test_logs_LLAMA_TESTONLY.py,,,46.0,,,,,TESTONLY
thefuck_24,test_logs.py,True,test_logs_LLAMA_TESTONLY.py,,,71.0,,,,,TESTONLY
thefuck_25,test_logs.py,True,test_logs_LLAMA_TESTONLY.py,,,71.0,,,,,TESTONLY
thefuck_26,test_logs.py,True,test_logs_LLAMA_TESTONLY.py,,,71.0,,,,,TESTONLY
thefuck_27,test_logs.py,True,test_logs_LLAMA_TESTONLY.py,,,71.0,,,,,TESTONLY
thefuck_28,test_logs.py,True,test_logs_LLAMA_TESTONLY.py,,,71.0,,,,,TESTONLY
thefuck_29,test_logs.py,True,test_logs_LLAMA_TESTONLY.py,,,71.0,,,,,TESTONLY
thefuck_30,test_logs.py,True,test_logs_LLAMA_TESTONLY.py,,,74.0,,,,,TESTONLY
thefuck_31,test_logs.py,True,test_logs_LLAMA_TESTONLY.py,,,81.0,,,,,TESTONLY
thefuck_32,test_logs.py,True,test_logs_LLAMA_TESTONLY.py,,,74.0,,,,,TESTONLY
tornado_1,escape_test.py,True,escape_test_LLAMA_TESTONLY.py,,,2.0,,,,,TESTONLY
tornado_2,escape_test.py,True,escape_test_LLAMA_TESTONLY.py,,,2.0,,,,,TESTONLY
tornado_3,escape_test.py,True,escape_test_LLAMA_TESTONLY.py,,,2.0,,,,,TESTONLY
tornado_4,escape_test.py,True,escape_test_LLAMA_TESTONLY.py,,,2.0,,,,,TESTONLY
tornado_5,escape_test.py,True,escape_test_LLAMA_TESTONLY.py,,,10.0,,,,,TESTONLY
tornado_6,escape_test.py,True,escape_test_LLAMA_TESTONLY.py,,,10.0,,,,,TESTONLY
tornado_7,escape_test.py,True,escape_test_LLAMA_TESTONLY.py,,,10.0,,,,,TESTONLY
tornado_8,escape_test.py,True,escape_test_LLAMA_TESTONLY.py,,,10.0,,,,,TESTONLY
tornado_9,escape_test.py,True,escape_test_LLAMA_TESTONLY.py,,,10.0,,,,,TESTONLY
tornado_10,escape_test.py,True,escape_test_LLAMA_TESTONLY.py,,,10.0,,,,,TESTONLY
tornado_11,escape_test.py,True,escape_test_LLAMA_TESTONLY.py,,,10.0,,,,,TESTONLY
tornado_12,escape_test.py,True,escape_test_LLAMA_TESTONLY.py,,,10.0,,,,,TESTONLY
tornado_13,escape_test.py,True,escape_test_LLAMA_TESTONLY.py,,,10.0,,,,,TESTONLY
tornado_14,escape_test.py,True,escape_test_LLAMA_TESTONLY.py,,,10.0,,,,,TESTONLY
tornado_15,escape_test.py,True,escape_test_LLAMA_TESTONLY.py,,,10.0,,,,,TESTONLY
tornado_16,escape_test.py,True,escape_test_LLAMA_TESTONLY.py,,,10.0,,,,,TESTONLY
tqdm_1,tests_tqdm.py,True,tests_tqdm_LLAMA_TESTONLY.py,,,76.0,,,,,TESTONLY
tqdm_2,tests_tqdm.py,True,tests_tqdm_LLAMA_TESTONLY.py,,,76.0,,,,,TESTONLY
tqdm_3,tests_tqdm.py,True,tests_tqdm_LLAMA_TESTONLY.py,,,73.0,,,,,TESTONLY
tqdm_4,tests_tqdm.py,True,tests_tqdm_LLAMA_TESTONLY.py,,,71.0,,,,,TESTONLY
tqdm_5,tests_tqdm.py,True,tests_tqdm_LLAMA_TESTONLY.py,,,70.0,,,,,TESTONLY
tqdm_6,tests_tqdm.py,True,tests_tqdm_LLAMA_TESTONLY.py,,,69.0,,,,,TESTONLY
tqdm_7,tests_tqdm.py,True,tests_tqdm_LLAMA_TESTONLY.py,,,82.0,,,,,TESTONLY
tqdm_8,tests_tqdm.py,True,tests_tqdm_LLAMA_TESTONLY.py,,,63.0,,,,,TESTONLY
tqdm_9,tests_tqdm.py,True,tests_tqdm_LLAMA_TESTONLY.py,,,92.0,,,,,TESTONLY
youtubedl_1,test_age_restriction.py,True,test_age_restriction_LLAMA_TESTONLY.py,,,28.0,,,,,TESTONLY
youtubedl_2,test_age_restriction.py,True,test_age_restriction_LLAMA_TESTONLY.py,,,28.0,,,,,TESTONLY
youtubedl_3,test_age_restriction.py,True,test_age_restriction_LLAMA_TESTONLY.py,,,28.0,,,,,TESTONLY
youtubedl_4,test_age_restriction.py,True,test_age_restriction_LLAMA_TESTONLY.py,,,29.0,,,,,TESTONLY
youtubedl_5,test_age_restriction.py,True,test_age_restriction_LLAMA_TESTONLY.py,,,29.0,,,,,TESTONLY
youtubedl_6,test_age_restriction.py,True,test_age_restriction_LLAMA_TESTONLY.py,,,29.0,,,,,TESTONLY
youtubedl_7,test_age_restriction.py,True,test_age_restriction_LLAMA_TESTONLY.py,,,29.0,,,,,TESTONLY
youtubedl_8,test_age_restriction.py,True,test_age_restriction_LLAMA_TESTONLY.py,,,29.0,,,,,TESTONLY
youtubedl_9,test_age_restriction.py,True,test_age_restriction_LLAMA_TESTONLY.py,,,29.0,,,,,TESTONLY
youtubedl_10,test_age_restriction.py,True,test_age_restriction_LLAMA_TESTONLY.py,,,30.0,,,,,TESTONLY
youtubedl_11,test_age_restriction.py,True,test_age_restriction_LLAMA_TESTONLY.py,,,27.0,,,,,TESTONLY
youtubedl_12,test_age_restriction.py,True,test_age_restriction_LLAMA_TESTONLY.py,,,28.0,,,,,TESTONLY
youtubedl_13,test_age_restriction.py,True,test_age_restriction_LLAMA_TESTONLY.py,,,28.0,,,,,TESTONLY
youtubedl_14,test_age_restriction.py,True,test_age_restriction_LLAMA_TESTONLY.py,,,27.0,,,,,TESTONLY
youtubedl_15,test_age_restriction.py,True,test_age_restriction_LLAMA_TESTONLY.py,,,28.0,,,,,TESTONLY
youtubedl_16,test_age_restriction.py,True,test_age_restriction_LLAMA_TESTONLY.py,,,28.0,,,,,TESTONLY
youtubedl_17,test_age_restriction.py,True,test_age_restriction_LLAMA_TESTONLY.py,,,28.0,,,,,TESTONLY
youtubedl_18,test_age_restriction.py,True,test_age_restriction_LLAMA_TESTONLY.py,,,28.0,,,,,TESTONLY
youtubedl_19,test_age_restriction.py,True,test_age_restriction_LLAMA_TESTONLY.py,,,28.0,,,,,TESTONLY
youtubedl_20,test_age_restriction.py,True,test_age_restriction_LLAMA_TESTONLY.py,,,28.0,,,,,TESTONLY
youtubedl_21,test_age_restriction.py,True,test_age_restriction_LLAMA_TESTONLY.py,,,28.0,,,,,TESTONLY
youtubedl_22,test_age_restriction.py,True,test_age_restriction_LLAMA_TESTONLY.py,,,28.0,,,,,TESTONLY
youtubedl_23,test_age_restriction.py,True,test_age_restriction_LLAMA_TESTONLY.py,,,28.0,,,,,TESTONLY
youtubedl_24,test_age_restriction.py,True,test_age_restriction_LLAMA_TESTONLY.py,,,29.0,,,,,TESTONLY
youtubedl_25,test_age_restriction.py,True,test_age_restriction_LLAMA_TESTONLY.py,,,29.0,,,,,TESTONLY
youtubedl_26,test_age_restriction.py,True,test_age_restriction_LLAMA_TESTONLY.py,,,29.0,,,,,TESTONLY
youtubedl_27,test_age_restriction.py,True,test_age_restriction_LLAMA_TESTONLY.py,,,29.0,,,,,TESTONLY
youtubedl_28,test_age_restriction.py,True,test_age_restriction_LLAMA_TESTONLY.py,,,29.0,,,,,TESTONLY
youtubedl_29,test_age_restriction.py,True,test_age_restriction_LLAMA_TESTONLY.py,,,29.0,,,,,TESTONLY
youtubedl_30,test_age_restriction.py,True,test_age_restriction_LLAMA_TESTONLY.py,,,29.0,,,,,TESTONLY
youtubedl_31,test_age_restriction.py,True,test_age_restriction_LLAMA_TESTONLY.py,,,29.0,,,,,TESTONLY
youtubedl_32,test_age_restriction.py,True,test_age_restriction_LLAMA_TESTONLY.py,,,29.0,,,,,TESTONLY
youtubedl_33,test_age_restriction.py,True,test_age_restriction_LLAMA_TESTONLY.py,,,29.0,,,,,TESTONLY
youtubedl_34,test_age_restriction.py,True,test_age_restriction_LLAMA_TESTONLY.py,,,29.0,,,,,TESTONLY
youtubedl_35,test_age_restriction.py,True,test_age_restriction_LLAMA_TESTONLY.py,,,29.0,,,,,TESTONLY
youtubedl_36,test_age_restriction.py,True,test_age_restriction_LLAMA_TESTONLY.py,,,28.0,,,,,TESTONLY
youtubedl_37,test_age_restriction.py,True,test_age_restriction_LLAMA_TESTONLY.py,,,27.0,,,,,TESTONLY
youtubedl_38,test_age_restriction.py,True,test_age_restriction_LLAMA_TESTONLY.py,,,27.0,,,,,TESTONLY
youtubedl_39,test_age_restriction.py,True,test_age_restriction_LLAMA_TESTONLY.py,,,29.0,,,,,TESTONLY
youtubedl_40,test_age_restriction.py,True,test_age_restriction_LLAMA_TESTONLY.py,,,26.0,,,,,TESTONLY
youtubedl_41,test_age_restriction.py,True,test_age_restriction_LLAMA_TESTONLY.py,,,27.0,,,,,TESTONLY
youtubedl_42,test_age_restriction.py,True,test_age_restriction_LLAMA_TESTONLY.py,,,26.0,,,,,TESTONLY
youtubedl_43,test_age_restriction.py,True,test_age_restriction_LLAMA_TESTONLY.py,,,25.0,,,,,TESTONLY
